{
  "best_params": {
    "n_estimators": 794,
    "learning_rate": 0.05496730483349996,
    "max_depth": 5,
    "subsample": 0.6699535778676154,
    "colsample_bytree": 0.73668515248324,
    "scale_pos_weight": 2.050520759288725,
    "feature_fraction": 0.9330068914866445
  },
  "best_value": 0.8944331357828164,
  "study_name": "xgb_no_resampling"
}