{
  "best_params": {
    "n_estimators": 510,
    "learning_rate": 0.09641857998095077,
    "max_depth": 7,
    "subsample": 0.7139458590563611,
    "colsample_bytree": 0.8428387681034857,
    "scale_pos_weight": 1.6849651929367375,
    "feature_fraction": 0.9427948784141713
  },
  "best_value": 0.9853413623379161,
  "study_name": "xgb_adasyn"
}