{
  "best_params": {
    "n_estimators": 477,
    "learning_rate": 0.031246243539181102,
    "max_depth": 7,
    "subsample": 0.8684454867838329,
    "colsample_bytree": 0.7345305921649098,
    "scale_pos_weight": 2.3985317521419596,
    "feature_fraction": 0.8763930058943656
  },
  "best_value": 0.8956638378579932,
  "study_name": "xgb_no_resampling"
}